e2e26164-5965-4976-818b-42ae8267aba5,btc,1000,2024-12-24 15:22:05.530819
9d4049bf-132a-4f64-80bc-1802d2ea34e1,bcg,110,2024-12-24 15:22:36.360015
9d3310f9-e65e-4c10-ab05-70693d49eea0,bcg,110,2024-12-24 15:22:38.152337
8e87237f-7107-4c5c-a8d0-bf55677db466,att,210,2024-12-24 17:33:53.613555
ebbf188d-7532-481a-bbdd-03c0c4cad125,att,200,2024-12-24 17:33:56.551125
4fd8aead-8d5c-4605-9fd5-910b4451effc,tby,2890,2024-12-24 17:34:04.742333
b5fcd0f9-2587-40ff-9eba-3d15b50f7e98,amin,500,2024-12-27 18:20:51.126916
fd619f3b-1cab-41c1-85f9-eadef1280efe,amin,1100,2024-12-27 18:20:54.796353
54be1685-8893-4d6d-9e83-546bfe8dc2a5,moein,1100,2024-12-27 18:21:04.676500
f18d05f4-f2a3-4a13-9c63-1f80ebec6092,moein,1101,2024-12-27 18:21:07.563177
0dcee56c-80d3-4722-a568-0f57614d9b36,moein,1102,2024-12-27 18:21:08.611033
